Month,42582,42613,42643,date,value
0-2 years,19186.306499999999,15603.9295,13093.049499999999,42674,14085.941999999999
0-2 years,19186.306499999999,15603.9295,13093.049499999999,42704,16776.001499999998
0-2 years,19186.306499999999,15603.9295,13093.049499999999,42735,10486.137500000001
0-2 years,19186.306499999999,15603.9295,13093.049499999999,42766,14771.869000000001
0-2 years,19186.306499999999,15603.9295,13093.049499999999,42794,17112.572
0-2 years,19186.306499999999,15603.9295,13093.049499999999,42825,17428.437999999998
0-2 years,19186.306499999999,15603.9295,13093.049499999999,42855,11731.6775
0-2 years,19186.306499999999,15603.9295,13093.049499999999,42886,11497.218999999999
0-2 years,19186.306499999999,15603.9295,13093.049499999999,42916,13187.538
0-2 years,19186.306499999999,15603.9295,13093.049499999999,42947,18607.123500000002
0-2 years,19186.306499999999,15603.9295,13093.049499999999,42978,6723.1535000000003
0-2 years,19186.306499999999,15603.9295,13093.049499999999,43008,12817.2775
0-2 years,19186.306499999999,15603.9295,13093.049499999999,43039,20932.259999999998
0-2 years,19186.306499999999,15603.9295,13093.049499999999,43069,16629.827499999999
0-2 years,19186.306499999999,15603.9295,13093.049499999999,43100,14821.781499999999
0-2 years,19186.306499999999,15603.9295,13093.049499999999,43131,31466.772499999999
0-2 years,19186.306499999999,15603.9295,13093.049499999999,43159,16337.347
0-2 years,19186.306499999999,15603.9295,13093.049499999999,43190,19926.741999999998
0-2 years,19186.306499999999,15603.9295,13093.049499999999,43220,14924.106
0-2 years,19186.306499999999,15603.9295,13093.049499999999,43251,21938.824499999999
0-2 years,19186.306499999999,15603.9295,13093.049499999999,43281,14654.011500000001
0-2 years,19186.306499999999,15603.9295,13093.049499999999,43312,9369.0470000000005
0-2 years,19186.306499999999,15603.9295,13093.049499999999,43343,11463.710499999999
0-2 years,19186.306499999999,15603.9295,13093.049499999999,43373,21569.517
0-2 years,19186.306499999999,15603.9295,13093.049499999999,43404,22640.7255
0-2 years,19186.306499999999,15603.9295,13093.049499999999,43434,16192.1855
0-2 years,19186.306499999999,15603.9295,13093.049499999999,43465,15861.0005
0-2 years,19186.306499999999,15603.9295,13093.049499999999,43496,22285.9375
0-2 years,19186.306499999999,15603.9295,13093.049499999999,43524,16115.7215
0-2 years,19186.306499999999,15603.9295,13093.049499999999,43555,22145.221000000001
0-2 years,19186.306499999999,15603.9295,13093.049499999999,43585,18234.447
0-2 years,19186.306499999999,15603.9295,13093.049499999999,43616,22216.433000000001
0-2 years,19186.306499999999,15603.9295,13093.049499999999,43646,14798.0445
0-2 years,19186.306499999999,15603.9295,13093.049499999999,43677,15672.933000000001
0-2 years,19186.306499999999,15603.9295,13093.049499999999,43708,12939.189
0-2 years,19186.306499999999,15603.9295,13093.049499999999,43738,16961.083999999999
0-2 years,19186.306499999999,15603.9295,13093.049499999999,43769,20932.68
0-2 years,19186.306499999999,15603.9295,13093.049499999999,43799,16537.056
0-2 years,19186.306499999999,15603.9295,13093.049499999999,43830,20094.946499999998
0-2 years,19186.306499999999,15603.9295,13093.049499999999,43861,23194.582999999999
0-2 years,19186.306499999999,15603.9295,13093.049499999999,43890,13125.78
0-2 years,19186.306499999999,15603.9295,13093.049499999999,43921,24413.4205
0-2 years,19186.306499999999,15603.9295,13093.049499999999,43951,16362.1705
0-2 years,19186.306499999999,15603.9295,13093.049499999999,43982,12674.557000000001
0-2 years,19186.306499999999,15603.9295,13093.049499999999,44012,13219.066000000001
0-2 years,19186.306499999999,15603.9295,13093.049499999999,44043,8828.6144999999997
0-2 years,19186.306499999999,15603.9295,13093.049499999999,44074,12592.826999999999
0-2 years,19186.306499999999,15603.9295,13093.049499999999,44104,9427.8700000000008
0-2 years,19186.306499999999,15603.9295,13093.049499999999,44135,8376.9465
0-2 years,19186.306499999999,15603.9295,13093.049499999999,44165,12554.8735
0-2 years,19186.306499999999,15603.9295,13093.049499999999,44196,13110.012000000001
0-2 years,19186.306499999999,15603.9295,13093.049499999999,44227,8864.9110000000001
0-2 years,19186.306499999999,15603.9295,13093.049499999999,44255,15204.7435
0-2 years,19186.306499999999,15603.9295,13093.049499999999,44286,9681.9524999999994
0-2 years,19186.306499999999,15603.9295,13093.049499999999,44316,11334.5625
0-2 years,19186.306499999999,15603.9295,13093.049499999999,44347,16917.268
0-2 years,19186.306499999999,15603.9295,13093.049499999999,44377,8172.6475
0-2 years,19186.306499999999,15603.9295,13093.049499999999,44408,8450.4269999999997
0-2 years,19186.306499999999,15603.9295,13093.049499999999,44439,7837.1760000000004
0-2 years,19186.306499999999,15603.9295,13093.049499999999,44469,5209.4009999999998
0-2 years,19186.306499999999,15603.9295,13093.049499999999,44500,10897.141
0-2 years,19186.306499999999,15603.9295,13093.049499999999,44530,11745.7405
0-2 years,19186.306499999999,15603.9295,13093.049499999999,44561,11743.604499999999
0-2 years,19186.306499999999,15603.9295,13093.049499999999,44592,11102.94
0-2 years,19186.306499999999,15603.9295,13093.049499999999,44620,9824.1959999999999
0-2 years,19186.306499999999,15603.9295,13093.049499999999,44651,11377.032499999999
0-2 years,19186.306499999999,15603.9295,13093.049499999999,44681,13236.031999999999
0-2 years,19186.306499999999,15603.9295,13093.049499999999,44712,13744.353999999999
0-2 years,19186.306499999999,15603.9295,13093.049499999999,44742,12093.207
0-2 years,19186.306499999999,15603.9295,13093.049499999999,44773,11008.432500000001
0-2 years,19186.306499999999,15603.9295,13093.049499999999,44804,11047.0095
0-2 years,19186.306499999999,15603.9295,13093.049499999999,44834,7123.5874999999996
0-2 years,19186.306499999999,15603.9295,13093.049499999999,44865,11136.817499999999
0-2 years,19186.306499999999,15603.9295,13093.049499999999,44895,21826.145499999999
0-2 years,19186.306499999999,15603.9295,13093.049499999999,44926,6969.6175000000003
0-2 years,19186.306499999999,15603.9295,13093.049499999999,44957,7726.7610000000004
0-2 years,19186.306499999999,15603.9295,13093.049499999999,44985,12551.1605
0-2 years,19186.306499999999,15603.9295,13093.049499999999,45016,12608.932000000001
0-2 years,19186.306499999999,15603.9295,13093.049499999999,45046,12285.867
0-2 years,19186.306499999999,15603.9295,13093.049499999999,45077,19542.514500000001
0-2 years,19186.306499999999,15603.9295,13093.049499999999,45107,11143.789500000001
2-5 years,23060.297500000001,17880.022499999999,42211.639000000003,42674,30932.345499999999
2-5 years,23060.297500000001,17880.022499999999,42211.639000000003,42704,28086.057499999999
2-5 years,23060.297500000001,17880.022499999999,42211.639000000003,42735,30207.4395
2-5 years,23060.297500000001,17880.022499999999,42211.639000000003,42766,27144.002499999999
2-5 years,23060.297500000001,17880.022499999999,42211.639000000003,42794,30863.0455
2-5 years,23060.297500000001,17880.022499999999,42211.639000000003,42825,31354.146499999999
2-5 years,23060.297500000001,17880.022499999999,42211.639000000003,42855,21224.809000000001
2-5 years,23060.297500000001,17880.022499999999,42211.639000000003,42886,28742.069
2-5 years,23060.297500000001,17880.022499999999,42211.639000000003,42916,25351.174999999999
2-5 years,23060.297500000001,17880.022499999999,42211.639000000003,42947,36221.317999999999
2-5 years,23060.297500000001,17880.022499999999,42211.639000000003,42978,26246.0085
2-5 years,23060.297500000001,17880.022499999999,42211.639000000003,43008,40748.228499999997
2-5 years,23060.297500000001,17880.022499999999,42211.639000000003,43039,26695.121500000001
2-5 years,23060.297500000001,17880.022499999999,42211.639000000003,43069,21586.4005
2-5 years,23060.297500000001,17880.022499999999,42211.639000000003,43100,23171.14
2-5 years,23060.297500000001,17880.022499999999,42211.639000000003,43131,42161.394
2-5 years,23060.297500000001,17880.022499999999,42211.639000000003,43159,35218.467499999999
2-5 years,23060.297500000001,17880.022499999999,42211.639000000003,43190,38931.366999999998
2-5 years,23060.297500000001,17880.022499999999,42211.639000000003,43220,23078.859
2-5 years,23060.297500000001,17880.022499999999,42211.639000000003,43251,43850.472999999998
2-5 years,23060.297500000001,17880.022499999999,42211.639000000003,43281,30909.768499999998
2-5 years,23060.297500000001,17880.022499999999,42211.639000000003,43312,29096.539499999999
2-5 years,23060.297500000001,17880.022499999999,42211.639000000003,43343,27061.485499999999
2-5 years,23060.297500000001,17880.022499999999,42211.639000000003,43373,40321.428999999996
2-5 years,23060.297500000001,17880.022499999999,42211.639000000003,43404,31519.434000000001
2-5 years,23060.297500000001,17880.022499999999,42211.639000000003,43434,22464.101500000001
2-5 years,23060.297500000001,17880.022499999999,42211.639000000003,43465,28876.168000000001
2-5 years,23060.297500000001,17880.022499999999,42211.639000000003,43496,40211.506000000001
2-5 years,23060.297500000001,17880.022499999999,42211.639000000003,43524,26671.163499999999
2-5 years,23060.297500000001,17880.022499999999,42211.639000000003,43555,40876.855499999998
2-5 years,23060.297500000001,17880.022499999999,42211.639000000003,43585,32751.3665
2-5 years,23060.297500000001,17880.022499999999,42211.639000000003,43616,29451.165000000001
2-5 years,23060.297500000001,17880.022499999999,42211.639000000003,43646,23771.193500000001
2-5 years,23060.297500000001,17880.022499999999,42211.639000000003,43677,18356.230500000001
2-5 years,23060.297500000001,17880.022499999999,42211.639000000003,43708,21219.417000000001
2-5 years,23060.297500000001,17880.022499999999,42211.639000000003,43738,28365.537499999999
2-5 years,23060.297500000001,17880.022499999999,42211.639000000003,43769,27898.696
2-5 years,23060.297500000001,17880.022499999999,42211.639000000003,43799,31592.972000000002
2-5 years,23060.297500000001,17880.022499999999,42211.639000000003,43830,28548.05
2-5 years,23060.297500000001,17880.022499999999,42211.639000000003,43861,28713.536499999998
2-5 years,23060.297500000001,17880.022499999999,42211.639000000003,43890,34109.226499999997
2-5 years,23060.297500000001,17880.022499999999,42211.639000000003,43921,49274.703000000001
2-5 years,23060.297500000001,17880.022499999999,42211.639000000003,43951,47431.805500000002
2-5 years,23060.297500000001,17880.022499999999,42211.639000000003,43982,47132.519500000002
2-5 years,23060.297500000001,17880.022499999999,42211.639000000003,44012,35413.093999999997
2-5 years,23060.297500000001,17880.022499999999,42211.639000000003,44043,27560.746999999999
2-5 years,23060.297500000001,17880.022499999999,42211.639000000003,44074,56358.326999999997
2-5 years,23060.297500000001,17880.022499999999,42211.639000000003,44104,58159.620999999999
2-5 years,23060.297500000001,17880.022499999999,42211.639000000003,44135,30437.371500000001
2-5 years,23060.297500000001,17880.022499999999,42211.639000000003,44165,53990.036999999997
2-5 years,23060.297500000001,17880.022499999999,42211.639000000003,44196,42980.218999999997
2-5 years,23060.297500000001,17880.022499999999,42211.639000000003,44227,26170.287
2-5 years,23060.297500000001,17880.022499999999,42211.639000000003,44255,65781.763999999996
2-5 years,23060.297500000001,17880.022499999999,42211.639000000003,44286,73838.676999999996
2-5 years,23060.297500000001,17880.022499999999,42211.639000000003,44316,34311.125999999997
2-5 years,23060.297500000001,17880.022499999999,42211.639000000003,44347,44936.9375
2-5 years,23060.297500000001,17880.022499999999,42211.639000000003,44377,49352.866999999998
2-5 years,23060.297500000001,17880.022499999999,42211.639000000003,44408,42719.38
2-5 years,23060.297500000001,17880.022499999999,42211.639000000003,44439,29154.17
2-5 years,23060.297500000001,17880.022499999999,42211.639000000003,44469,46030.677000000003
2-5 years,23060.297500000001,17880.022499999999,42211.639000000003,44500,51293.568500000001
2-5 years,23060.297500000001,17880.022499999999,42211.639000000003,44530,47891.532500000001
2-5 years,23060.297500000001,17880.022499999999,42211.639000000003,44561,38405.604500000001
2-5 years,23060.297500000001,17880.022499999999,42211.639000000003,44592,40902.461000000003
2-5 years,23060.297500000001,17880.022499999999,42211.639000000003,44620,39316.834999999999
2-5 years,23060.297500000001,17880.022499999999,42211.639000000003,44651,39716.660499999998
2-5 years,23060.297500000001,17880.022499999999,42211.639000000003,44681,30559.018499999998
2-5 years,23060.297500000001,17880.022499999999,42211.639000000003,44712,43381.981500000002
2-5 years,23060.297500000001,17880.022499999999,42211.639000000003,44742,54071.678
2-5 years,23060.297500000001,17880.022499999999,42211.639000000003,44773,27363.348000000002
2-5 years,23060.297500000001,17880.022499999999,42211.639000000003,44804,43004.845999999998
2-5 years,23060.297500000001,17880.022499999999,42211.639000000003,44834,32355.782500000001
2-5 years,23060.297500000001,17880.022499999999,42211.639000000003,44865,22478.116999999998
2-5 years,23060.297500000001,17880.022499999999,42211.639000000003,44895,35817.910499999998
2-5 years,23060.297500000001,17880.022499999999,42211.639000000003,44926,36636.895499999999
2-5 years,23060.297500000001,17880.022499999999,42211.639000000003,44957,23160.391500000002
2-5 years,23060.297500000001,17880.022499999999,42211.639000000003,44985,27510.177500000002
2-5 years,23060.297500000001,17880.022499999999,42211.639000000003,45016,50193.5435
2-5 years,23060.297500000001,17880.022499999999,42211.639000000003,45046,14627.089
2-5 years,23060.297500000001,17880.022499999999,42211.639000000003,45077,32862.283000000003
2-5 years,23060.297500000001,17880.022499999999,42211.639000000003,45107,38428.711499999998
5-9 years,19103.615000000002,12973.967000000001,28152.185000000001,42674,19098.3825
5-9 years,19103.615000000002,12973.967000000001,28152.185000000001,42704,19521.476999999999
5-9 years,19103.615000000002,12973.967000000001,28152.185000000001,42735,18223.304
5-9 years,19103.615000000002,12973.967000000001,28152.185000000001,42766,18023.476999999999
5-9 years,19103.615000000002,12973.967000000001,28152.185000000001,42794,14043.4735
5-9 years,19103.615000000002,12973.967000000001,28152.185000000001,42825,18422.232499999998
5-9 years,19103.615000000002,12973.967000000001,28152.185000000001,42855,16200.971
5-9 years,19103.615000000002,12973.967000000001,28152.185000000001,42886,16379.815000000001
5-9 years,19103.615000000002,12973.967000000001,28152.185000000001,42916,26836.253000000001
5-9 years,19103.615000000002,12973.967000000001,28152.185000000001,42947,22586.319
5-9 years,19103.615000000002,12973.967000000001,28152.185000000001,42978,18784.716
5-9 years,19103.615000000002,12973.967000000001,28152.185000000001,43008,24956.1715
5-9 years,19103.615000000002,12973.967000000001,28152.185000000001,43039,20135.357499999998
5-9 years,19103.615000000002,12973.967000000001,28152.185000000001,43069,15035.041499999999
5-9 years,19103.615000000002,12973.967000000001,28152.185000000001,43100,13503.296
5-9 years,19103.615000000002,12973.967000000001,28152.185000000001,43131,19733.8495
5-9 years,19103.615000000002,12973.967000000001,28152.185000000001,43159,27314.843000000001
5-9 years,19103.615000000002,12973.967000000001,28152.185000000001,43190,21550.3145
5-9 years,19103.615000000002,12973.967000000001,28152.185000000001,43220,22816.3685
5-9 years,19103.615000000002,12973.967000000001,28152.185000000001,43251,32217.714
5-9 years,19103.615000000002,12973.967000000001,28152.185000000001,43281,16687.002499999999
5-9 years,19103.615000000002,12973.967000000001,28152.185000000001,43312,15326.4845
5-9 years,19103.615000000002,12973.967000000001,28152.185000000001,43343,16321.550999999999
5-9 years,19103.615000000002,12973.967000000001,28152.185000000001,43373,23884.906999999999
5-9 years,19103.615000000002,12973.967000000001,28152.185000000001,43404,19095.455999999998
5-9 years,19103.615000000002,12973.967000000001,28152.185000000001,43434,17766.464
5-9 years,19103.615000000002,12973.967000000001,28152.185000000001,43465,19006.878000000001
5-9 years,19103.615000000002,12973.967000000001,28152.185000000001,43496,34028.358
5-9 years,19103.615000000002,12973.967000000001,28152.185000000001,43524,35320.487000000001
5-9 years,19103.615000000002,12973.967000000001,28152.185000000001,43555,27911.9755
5-9 years,19103.615000000002,12973.967000000001,28152.185000000001,43585,23897.598999999998
5-9 years,19103.615000000002,12973.967000000001,28152.185000000001,43616,24588.089
5-9 years,19103.615000000002,12973.967000000001,28152.185000000001,43646,14440.048500000001
5-9 years,19103.615000000002,12973.967000000001,28152.185000000001,43677,23199.923999999999
5-9 years,19103.615000000002,12973.967000000001,28152.185000000001,43708,20708.725999999999
5-9 years,19103.615000000002,12973.967000000001,28152.185000000001,43738,24929.2255
5-9 years,19103.615000000002,12973.967000000001,28152.185000000001,43769,20916.355
5-9 years,19103.615000000002,12973.967000000001,28152.185000000001,43799,29389.488499999999
5-9 years,19103.615000000002,12973.967000000001,28152.185000000001,43830,21457.601999999999
5-9 years,19103.615000000002,12973.967000000001,28152.185000000001,43861,42878.959499999997
5-9 years,19103.615000000002,12973.967000000001,28152.185000000001,43890,43568.5245
5-9 years,19103.615000000002,12973.967000000001,28152.185000000001,43921,52742.55
5-9 years,19103.615000000002,12973.967000000001,28152.185000000001,43951,35111.572
5-9 years,19103.615000000002,12973.967000000001,28152.185000000001,43982,35817.860999999997
5-9 years,19103.615000000002,12973.967000000001,28152.185000000001,44012,34380.513500000001
5-9 years,19103.615000000002,12973.967000000001,28152.185000000001,44043,38804.337500000001
5-9 years,19103.615000000002,12973.967000000001,28152.185000000001,44074,41014.200499999999
5-9 years,19103.615000000002,12973.967000000001,28152.185000000001,44104,62744.771000000001
5-9 years,19103.615000000002,12973.967000000001,28152.185000000001,44135,56737.232000000004
5-9 years,19103.615000000002,12973.967000000001,28152.185000000001,44165,66126.012000000002
5-9 years,19103.615000000002,12973.967000000001,28152.185000000001,44196,48794.987999999998
5-9 years,19103.615000000002,12973.967000000001,28152.185000000001,44227,64341.103000000003
5-9 years,19103.615000000002,12973.967000000001,28152.185000000001,44255,62763.809000000001
5-9 years,19103.615000000002,12973.967000000001,28152.185000000001,44286,68114.604500000001
5-9 years,19103.615000000002,12973.967000000001,28152.185000000001,44316,40573.552499999998
5-9 years,19103.615000000002,12973.967000000001,28152.185000000001,44347,46480.633000000002
5-9 years,19103.615000000002,12973.967000000001,28152.185000000001,44377,48788.220999999998
5-9 years,19103.615000000002,12973.967000000001,28152.185000000001,44408,43083.712500000001
5-9 years,19103.615000000002,12973.967000000001,28152.185000000001,44439,25504.491999999998
5-9 years,19103.615000000002,12973.967000000001,28152.185000000001,44469,25986.339
5-9 years,19103.615000000002,12973.967000000001,28152.185000000001,44500,32334.409500000002
5-9 years,19103.615000000002,12973.967000000001,28152.185000000001,44530,27840.2765
5-9 years,19103.615000000002,12973.967000000001,28152.185000000001,44561,27706.57
5-9 years,19103.615000000002,12973.967000000001,28152.185000000001,44592,24765.038499999999
5-9 years,19103.615000000002,12973.967000000001,28152.185000000001,44620,24143.417000000001
5-9 years,19103.615000000002,12973.967000000001,28152.185000000001,44651,22971.267500000002
5-9 years,19103.615000000002,12973.967000000001,28152.185000000001,44681,20732.957999999999
5-9 years,19103.615000000002,12973.967000000001,28152.185000000001,44712,22011.539000000001
5-9 years,19103.615000000002,12973.967000000001,28152.185000000001,44742,26451.848999999998
5-9 years,19103.615000000002,12973.967000000001,28152.185000000001,44773,18481.258000000002
5-9 years,19103.615000000002,12973.967000000001,28152.185000000001,44804,28477.279999999999
5-9 years,19103.615000000002,12973.967000000001,28152.185000000001,44834,19012.0635
5-9 years,19103.615000000002,12973.967000000001,28152.185000000001,44865,17707.364000000001
5-9 years,19103.615000000002,12973.967000000001,28152.185000000001,44895,19672.191999999999
5-9 years,19103.615000000002,12973.967000000001,28152.185000000001,44926,17546.79
5-9 years,19103.615000000002,12973.967000000001,28152.185000000001,44957,16518.2765
5-9 years,19103.615000000002,12973.967000000001,28152.185000000001,44985,21840.399000000001
5-9 years,19103.615000000002,12973.967000000001,28152.185000000001,45016,22800.516500000002
5-9 years,19103.615000000002,12973.967000000001,28152.185000000001,45046,15661
5-9 years,19103.615000000002,12973.967000000001,28152.185000000001,45077,30067.656999999999
5-9 years,19103.615000000002,12973.967000000001,28152.185000000001,45107,39491.947500000002
9-12 years,13595.896000000001,14542.915999999999,23424.664499999999,42674,16708.944500000001
9-12 years,13595.896000000001,14542.915999999999,23424.664499999999,42704,17811.089499999998
9-12 years,13595.896000000001,14542.915999999999,23424.664499999999,42735,28407.776999999998
9-12 years,13595.896000000001,14542.915999999999,23424.664499999999,42766,15048.187
9-12 years,13595.896000000001,14542.915999999999,23424.664499999999,42794,32340.205999999998
9-12 years,13595.896000000001,14542.915999999999,23424.664499999999,42825,23390.791499999999
9-12 years,13595.896000000001,14542.915999999999,23424.664499999999,42855,14134.558000000001
9-12 years,13595.896000000001,14542.915999999999,23424.664499999999,42886,13816.205
9-12 years,13595.896000000001,14542.915999999999,23424.664499999999,42916,29268.550999999999
9-12 years,13595.896000000001,14542.915999999999,23424.664499999999,42947,25249.79
9-12 years,13595.896000000001,14542.915999999999,23424.664499999999,42978,21564.284
9-12 years,13595.896000000001,14542.915999999999,23424.664499999999,43008,35528.800999999999
9-12 years,13595.896000000001,14542.915999999999,23424.664499999999,43039,20941.395
9-12 years,13595.896000000001,14542.915999999999,23424.664499999999,43069,21028.000499999998
9-12 years,13595.896000000001,14542.915999999999,23424.664499999999,43100,19201.272499999999
9-12 years,13595.896000000001,14542.915999999999,23424.664499999999,43131,30914.093000000001
9-12 years,13595.896000000001,14542.915999999999,23424.664499999999,43159,30356.104500000001
9-12 years,13595.896000000001,14542.915999999999,23424.664499999999,43190,46324.173499999997
9-12 years,13595.896000000001,14542.915999999999,23424.664499999999,43220,29948.323499999999
9-12 years,13595.896000000001,14542.915999999999,23424.664499999999,43251,32703.654999999999
9-12 years,13595.896000000001,14542.915999999999,23424.664499999999,43281,27530.071499999998
9-12 years,13595.896000000001,14542.915999999999,23424.664499999999,43312,26004.9735
9-12 years,13595.896000000001,14542.915999999999,23424.664499999999,43343,23254.776000000002
9-12 years,13595.896000000001,14542.915999999999,23424.664499999999,43373,44649.002999999997
9-12 years,13595.896000000001,14542.915999999999,23424.664499999999,43404,27398.973999999998
9-12 years,13595.896000000001,14542.915999999999,23424.664499999999,43434,28409.81
9-12 years,13595.896000000001,14542.915999999999,23424.664499999999,43465,22309.220499999999
9-12 years,13595.896000000001,14542.915999999999,23424.664499999999,43496,32567.168000000001
9-12 years,13595.896000000001,14542.915999999999,23424.664499999999,43524,31215.071
9-12 years,13595.896000000001,14542.915999999999,23424.664499999999,43555,54699.006500000003
9-12 years,13595.896000000001,14542.915999999999,23424.664499999999,43585,28384.494500000001
9-12 years,13595.896000000001,14542.915999999999,23424.664499999999,43616,26583.516
9-12 years,13595.896000000001,14542.915999999999,23424.664499999999,43646,22966.9
9-12 years,13595.896000000001,14542.915999999999,23424.664499999999,43677,32042.352500000001
9-12 years,13595.896000000001,14542.915999999999,23424.664499999999,43708,25808.63
9-12 years,13595.896000000001,14542.915999999999,23424.664499999999,43738,47584.597000000002
9-12 years,13595.896000000001,14542.915999999999,23424.664499999999,43769,30018.267500000002
9-12 years,13595.896000000001,14542.915999999999,23424.664499999999,43799,25768.525000000001
9-12 years,13595.896000000001,14542.915999999999,23424.664499999999,43830,29165.114000000001
9-12 years,13595.896000000001,14542.915999999999,23424.664499999999,43861,38088.781000000003
9-12 years,13595.896000000001,14542.915999999999,23424.664499999999,43890,33605.987000000001
9-12 years,13595.896000000001,14542.915999999999,23424.664499999999,43921,48847.417999999998
9-12 years,13595.896000000001,14542.915999999999,23424.664499999999,43951,26747.590499999998
9-12 years,13595.896000000001,14542.915999999999,23424.664499999999,43982,45909.550999999999
9-12 years,13595.896000000001,14542.915999999999,23424.664499999999,44012,50657.476999999999
9-12 years,13595.896000000001,14542.915999999999,23424.664499999999,44043,36751.849000000002
9-12 years,13595.896000000001,14542.915999999999,23424.664499999999,44074,44715.816500000001
9-12 years,13595.896000000001,14542.915999999999,23424.664499999999,44104,57236.933499999999
9-12 years,13595.896000000001,14542.915999999999,23424.664499999999,44135,48051.764999999999
9-12 years,13595.896000000001,14542.915999999999,23424.664499999999,44165,50531.402499999997
9-12 years,13595.896000000001,14542.915999999999,23424.664499999999,44196,51904.186000000002
9-12 years,13595.896000000001,14542.915999999999,23424.664499999999,44227,43000.089
9-12 years,13595.896000000001,14542.915999999999,23424.664499999999,44255,51837.671000000002
9-12 years,13595.896000000001,14542.915999999999,23424.664499999999,44286,49408.464999999997
9-12 years,13595.896000000001,14542.915999999999,23424.664499999999,44316,52381.968000000001
9-12 years,13595.896000000001,14542.915999999999,23424.664499999999,44347,46978.798499999997
9-12 years,13595.896000000001,14542.915999999999,23424.664499999999,44377,40847.264000000003
9-12 years,13595.896000000001,14542.915999999999,23424.664499999999,44408,44602.445500000002
9-12 years,13595.896000000001,14542.915999999999,23424.664499999999,44439,35457.669500000004
9-12 years,13595.896000000001,14542.915999999999,23424.664499999999,44469,43302.953000000001
9-12 years,13595.896000000001,14542.915999999999,23424.664499999999,44500,45247.093999999997
9-12 years,13595.896000000001,14542.915999999999,23424.664499999999,44530,51877.873500000002
9-12 years,13595.896000000001,14542.915999999999,23424.664499999999,44561,29749.738499999999
9-12 years,13595.896000000001,14542.915999999999,23424.664499999999,44592,23160.358499999998
9-12 years,13595.896000000001,14542.915999999999,23424.664499999999,44620,25250.500499999998
9-12 years,13595.896000000001,14542.915999999999,23424.664499999999,44651,33982.398000000001
9-12 years,13595.896000000001,14542.915999999999,23424.664499999999,44681,40436.199000000001
9-12 years,13595.896000000001,14542.915999999999,23424.664499999999,44712,46504.268499999998
9-12 years,13595.896000000001,14542.915999999999,23424.664499999999,44742,43889.29
9-12 years,13595.896000000001,14542.915999999999,23424.664499999999,44773,24071.104500000001
9-12 years,13595.896000000001,14542.915999999999,23424.664499999999,44804,33342.945500000002
9-12 years,13595.896000000001,14542.915999999999,23424.664499999999,44834,39670.084000000003
9-12 years,13595.896000000001,14542.915999999999,23424.664499999999,44865,20023.567999999999
9-12 years,13595.896000000001,14542.915999999999,23424.664499999999,44895,37816.190499999997
9-12 years,13595.896000000001,14542.915999999999,23424.664499999999,44926,27188.834999999999
9-12 years,13595.896000000001,14542.915999999999,23424.664499999999,44957,19091.455999999998
9-12 years,13595.896000000001,14542.915999999999,23424.664499999999,44985,24254.626499999998
9-12 years,13595.896000000001,14542.915999999999,23424.664499999999,45016,55064.175000000003
9-12 years,13595.896000000001,14542.915999999999,23424.664499999999,45046,35024.021500000003
9-12 years,13595.896000000001,14542.915999999999,23424.664499999999,45077,29378.443500000001
9-12 years,13595.896000000001,14542.915999999999,23424.664499999999,45107,34844.078500000003
12+ years,8778.0810000000001,5861.2965000000004,7960.0150000000003,42674,11826.099
12+ years,8778.0810000000001,5861.2965000000004,7960.0150000000003,42704,10190.495000000001
12+ years,8778.0810000000001,5861.2965000000004,7960.0150000000003,42735,5193.0649999999996
12+ years,8778.0810000000001,5861.2965000000004,7960.0150000000003,42766,5444.7685000000001
12+ years,8778.0810000000001,5861.2965000000004,7960.0150000000003,42794,9276.3284999999996
12+ years,8778.0810000000001,5861.2965000000004,7960.0150000000003,42825,12400.967500000001
12+ years,8778.0810000000001,5861.2965000000004,7960.0150000000003,42855,7673.0424999999996
12+ years,8778.0810000000001,5861.2965000000004,7960.0150000000003,42886,6161.9380000000001
12+ years,8778.0810000000001,5861.2965000000004,7960.0150000000003,42916,8559.9159999999993
12+ years,8778.0810000000001,5861.2965000000004,7960.0150000000003,42947,8038.0285000000003
12+ years,8778.0810000000001,5861.2965000000004,7960.0150000000003,42978,3745.4254999999998
12+ years,8778.0810000000001,5861.2965000000004,7960.0150000000003,43008,7108.6220000000003
12+ years,8778.0810000000001,5861.2965000000004,7960.0150000000003,43039,7119.5915000000005
12+ years,8778.0810000000001,5861.2965000000004,7960.0150000000003,43069,6875.8154999999997
12+ years,8778.0810000000001,5861.2965000000004,7960.0150000000003,43100,4108.7259999999997
12+ years,8778.0810000000001,5861.2965000000004,7960.0150000000003,43131,5582.2884999999997
12+ years,8778.0810000000001,5861.2965000000004,7960.0150000000003,43159,5752.6575000000003
12+ years,8778.0810000000001,5861.2965000000004,7960.0150000000003,43190,5942.7190000000001
12+ years,8778.0810000000001,5861.2965000000004,7960.0150000000003,43220,9742.8940000000002
12+ years,8778.0810000000001,5861.2965000000004,7960.0150000000003,43251,9656.9
12+ years,8778.0810000000001,5861.2965000000004,7960.0150000000003,43281,4934.8995000000004
12+ years,8778.0810000000001,5861.2965000000004,7960.0150000000003,43312,7469.4004999999997
12+ years,8778.0810000000001,5861.2965000000004,7960.0150000000003,43343,4615.2905000000001
12+ years,8778.0810000000001,5861.2965000000004,7960.0150000000003,43373,7003.6940000000004
12+ years,8778.0810000000001,5861.2965000000004,7960.0150000000003,43404,5013.6760000000004
12+ years,8778.0810000000001,5861.2965000000004,7960.0150000000003,43434,6275.0595000000003
12+ years,8778.0810000000001,5861.2965000000004,7960.0150000000003,43465,4061.9665
12+ years,8778.0810000000001,5861.2965000000004,7960.0150000000003,43496,4241.5225
12+ years,8778.0810000000001,5861.2965000000004,7960.0150000000003,43524,5642.2145
12+ years,8778.0810000000001,5861.2965000000004,7960.0150000000003,43555,9670.5169999999998
12+ years,8778.0810000000001,5861.2965000000004,7960.0150000000003,43585,4955.1459999999997
12+ years,8778.0810000000001,5861.2965000000004,7960.0150000000003,43616,7533.5150000000003
12+ years,8778.0810000000001,5861.2965000000004,7960.0150000000003,43646,6992.9219999999996
12+ years,8778.0810000000001,5861.2965000000004,7960.0150000000003,43677,5513.0045
12+ years,8778.0810000000001,5861.2965000000004,7960.0150000000003,43708,8481.5360000000001
12+ years,8778.0810000000001,5861.2965000000004,7960.0150000000003,43738,7004.7574999999997
12+ years,8778.0810000000001,5861.2965000000004,7960.0150000000003,43769,7423.9369999999999
12+ years,8778.0810000000001,5861.2965000000004,7960.0150000000003,43799,7406.6634999999997
12+ years,8778.0810000000001,5861.2965000000004,7960.0150000000003,43830,4138.1594999999998
12+ years,8778.0810000000001,5861.2965000000004,7960.0150000000003,43861,11848.939
12+ years,8778.0810000000001,5861.2965000000004,7960.0150000000003,43890,14018.921
12+ years,8778.0810000000001,5861.2965000000004,7960.0150000000003,43921,18002.583999999999
12+ years,8778.0810000000001,5861.2965000000004,7960.0150000000003,43951,14429.71
12+ years,8778.0810000000001,5861.2965000000004,7960.0150000000003,43982,13987.3375
12+ years,8778.0810000000001,5861.2965000000004,7960.0150000000003,44012,9070.2764999999999
12+ years,8778.0810000000001,5861.2965000000004,7960.0150000000003,44043,19353.669000000002
12+ years,8778.0810000000001,5861.2965000000004,7960.0150000000003,44074,14714.451499999999
12+ years,8778.0810000000001,5861.2965000000004,7960.0150000000003,44104,15609.1885
12+ years,8778.0810000000001,5861.2965000000004,7960.0150000000003,44135,11842.3015
12+ years,8778.0810000000001,5861.2965000000004,7960.0150000000003,44165,19757.800999999999
12+ years,8778.0810000000001,5861.2965000000004,7960.0150000000003,44196,14261.968500000001
12+ years,8778.0810000000001,5861.2965000000004,7960.0150000000003,44227,18604.491000000002
12+ years,8778.0810000000001,5861.2965000000004,7960.0150000000003,44255,17701.308000000001
12+ years,8778.0810000000001,5861.2965000000004,7960.0150000000003,44286,14289.450500000001
12+ years,8778.0810000000001,5861.2965000000004,7960.0150000000003,44316,10276.101500000001
12+ years,8778.0810000000001,5861.2965000000004,7960.0150000000003,44347,15319.268
12+ years,8778.0810000000001,5861.2965000000004,7960.0150000000003,44377,18846.2935
12+ years,8778.0810000000001,5861.2965000000004,7960.0150000000003,44408,12728.736999999999
12+ years,8778.0810000000001,5861.2965000000004,7960.0150000000003,44439,7613.3360000000002
12+ years,8778.0810000000001,5861.2965000000004,7960.0150000000003,44469,12658.286
12+ years,8778.0810000000001,5861.2965000000004,7960.0150000000003,44500,14431.422500000001
12+ years,8778.0810000000001,5861.2965000000004,7960.0150000000003,44530,16573.838
12+ years,8778.0810000000001,5861.2965000000004,7960.0150000000003,44561,5598.4139999999998
12+ years,8778.0810000000001,5861.2965000000004,7960.0150000000003,44592,9728.4994999999999
12+ years,8778.0810000000001,5861.2965000000004,7960.0150000000003,44620,9599.6650000000009
12+ years,8778.0810000000001,5861.2965000000004,7960.0150000000003,44651,14697.218500000001
12+ years,8778.0810000000001,5861.2965000000004,7960.0150000000003,44681,10054.16
12+ years,8778.0810000000001,5861.2965000000004,7960.0150000000003,44712,18234.780500000001
12+ years,8778.0810000000001,5861.2965000000004,7960.0150000000003,44742,16510.805
12+ years,8778.0810000000001,5861.2965000000004,7960.0150000000003,44773,13995.729499999999
12+ years,8778.0810000000001,5861.2965000000004,7960.0150000000003,44804,13789.674999999999
12+ years,8778.0810000000001,5861.2965000000004,7960.0150000000003,44834,12737.487999999999
12+ years,8778.0810000000001,5861.2965000000004,7960.0150000000003,44865,9278.0319999999992
12+ years,8778.0810000000001,5861.2965000000004,7960.0150000000003,44895,14129.857
12+ years,8778.0810000000001,5861.2965000000004,7960.0150000000003,44926,9396.7279999999992
12+ years,8778.0810000000001,5861.2965000000004,7960.0150000000003,44957,9413.1090000000004
12+ years,8778.0810000000001,5861.2965000000004,7960.0150000000003,44985,10928.039500000001
12+ years,8778.0810000000001,5861.2965000000004,7960.0150000000003,45016,21026.815500000001
12+ years,8778.0810000000001,5861.2965000000004,7960.0150000000003,45046,12542.5805
12+ years,8778.0810000000001,5861.2965000000004,7960.0150000000003,45077,16069.3
12+ years,8778.0810000000001,5861.2965000000004,7960.0150000000003,45107,13368.537
Total,83724.195999999996,66862.131500000003,114841.553,42674,92651.713499999998
Total,83724.195999999996,66862.131500000003,114841.553,42704,92385.120500000005
Total,83724.195999999996,66862.131500000003,114841.553,42735,92517.722999999998
Total,83724.195999999996,66862.131500000003,114841.553,42766,80432.304000000004
Total,83724.195999999996,66862.131500000003,114841.553,42794,103635.62549999999
Total,83724.195999999996,66862.131500000003,114841.553,42825,102996.576
Total,83724.195999999996,66862.131500000003,114841.553,42855,70965.058000000005
Total,83724.195999999996,66862.131500000003,114841.553,42886,76597.245999999999
Total,83724.195999999996,66862.131500000003,114841.553,42916,103203.433
Total,83724.195999999996,66862.131500000003,114841.553,42947,110702.579
Total,83724.195999999996,66862.131500000003,114841.553,42978,77063.587499999994
Total,83724.195999999996,66862.131500000003,114841.553,43008,121159.1005
Total,83724.195999999996,66862.131500000003,114841.553,43039,95823.7255
Total,83724.195999999996,66862.131500000003,114841.553,43069,81155.085500000001
Total,83724.195999999996,66862.131500000003,114841.553,43100,74806.216
Total,83724.195999999996,66862.131500000003,114841.553,43131,129858.39750000001
Total,83724.195999999996,66862.131500000003,114841.553,43159,114979.4195
Total,83724.195999999996,66862.131500000003,114841.553,43190,132675.31599999999
Total,83724.195999999996,66862.131500000003,114841.553,43220,100510.55100000001
Total,83724.195999999996,66862.131500000003,114841.553,43251,140367.56649999999
Total,83724.195999999996,66862.131500000003,114841.553,43281,94715.753500000006
Total,83724.195999999996,66862.131500000003,114841.553,43312,87266.445000000007
Total,83724.195999999996,66862.131500000003,114841.553,43343,82716.813500000004
Total,83724.195999999996,66862.131500000003,114841.553,43373,137428.54999999999
Total,83724.195999999996,66862.131500000003,114841.553,43404,105668.26549999999
Total,83724.195999999996,66862.131500000003,114841.553,43434,91107.620500000005
Total,83724.195999999996,66862.131500000003,114841.553,43465,90115.233500000002
Total,83724.195999999996,66862.131500000003,114841.553,43496,133334.492
Total,83724.195999999996,66862.131500000003,114841.553,43524,114964.6575
Total,83724.195999999996,66862.131500000003,114841.553,43555,155303.57550000001
Total,83724.195999999996,66862.131500000003,114841.553,43585,108223.053
Total,83724.195999999996,66862.131500000003,114841.553,43616,110372.71799999999
Total,83724.195999999996,66862.131500000003,114841.553,43646,82969.108500000002
Total,83724.195999999996,66862.131500000003,114841.553,43677,94784.444499999998
Total,83724.195999999996,66862.131500000003,114841.553,43708,89157.498000000007
Total,83724.195999999996,66862.131500000003,114841.553,43738,124845.2015
Total,83724.195999999996,66862.131500000003,114841.553,43769,107189.93550000001
Total,83724.195999999996,66862.131500000003,114841.553,43799,110694.705
Total,83724.195999999996,66862.131500000003,114841.553,43830,103403.872
Total,83724.195999999996,66862.131500000003,114841.553,43861,144724.799
Total,83724.195999999996,66862.131500000003,114841.553,43890,138428.43900000001
Total,83724.195999999996,66862.131500000003,114841.553,43921,193280.67550000001
Total,83724.195999999996,66862.131500000003,114841.553,43951,140082.84849999999
Total,83724.195999999996,66862.131500000003,114841.553,43982,155521.826
Total,83724.195999999996,66862.131500000003,114841.553,44012,142740.427
Total,83724.195999999996,66862.131500000003,114841.553,44043,131299.217
Total,83724.195999999996,66862.131500000003,114841.553,44074,169395.6225
Total,83724.195999999996,66862.131500000003,114841.553,44104,203178.38399999999
Total,83724.195999999996,66862.131500000003,114841.553,44135,155445.6165
Total,83724.195999999996,66862.131500000003,114841.553,44165,202960.12599999999
Total,83724.195999999996,66862.131500000003,114841.553,44196,171051.37349999999
Total,83724.195999999996,66862.131500000003,114841.553,44227,160980.88099999999
Total,83724.195999999996,66862.131500000003,114841.553,44255,213289.29550000001
Total,83724.195999999996,66862.131500000003,114841.553,44286,215333.1495
Total,83724.195999999996,66862.131500000003,114841.553,44316,148877.31049999999
Total,83724.195999999996,66862.131500000003,114841.553,44347,170632.905
Total,83724.195999999996,66862.131500000003,114841.553,44377,166007.29300000001
Total,83724.195999999996,66862.131500000003,114841.553,44408,151584.70199999999
Total,83724.195999999996,66862.131500000003,114841.553,44439,105566.8435
Total,83724.195999999996,66862.131500000003,114841.553,44469,133187.65599999999
Total,83724.195999999996,66862.131500000003,114841.553,44500,154203.6355
Total,83724.195999999996,66862.131500000003,114841.553,44530,155929.261
Total,83724.195999999996,66862.131500000003,114841.553,44561,113203.93150000001
Total,83724.195999999996,66862.131500000003,114841.553,44592,109659.2975
Total,83724.195999999996,66862.131500000003,114841.553,44620,108134.61350000001
Total,83724.195999999996,66862.131500000003,114841.553,44651,122744.577
Total,83724.195999999996,66862.131500000003,114841.553,44681,115018.36749999999
Total,83724.195999999996,66862.131500000003,114841.553,44712,143876.9235
Total,83724.195999999996,66862.131500000003,114841.553,44742,153016.829
Total,83724.195999999996,66862.131500000003,114841.553,44773,94919.872499999998
Total,83724.195999999996,66862.131500000003,114841.553,44804,129661.75599999999
Total,83724.195999999996,66862.131500000003,114841.553,44834,110899.0055
Total,83724.195999999996,66862.131500000003,114841.553,44865,80623.898499999996
Total,83724.195999999996,66862.131500000003,114841.553,44895,129262.29549999999
Total,83724.195999999996,66862.131500000003,114841.553,44926,97738.865999999995
Total,83724.195999999996,66862.131500000003,114841.553,44957,75909.994000000006
Total,83724.195999999996,66862.131500000003,114841.553,44985,97084.403000000006
Total,83724.195999999996,66862.131500000003,114841.553,45016,161693.98250000001
Total,83724.195999999996,66862.131500000003,114841.553,45046,90140.558000000005
Total,83724.195999999996,66862.131500000003,114841.553,45077,127920.198
Total,83724.195999999996,66862.131500000003,114841.553,45107,137277.06400000001
